Year,Stats,Four_Factors,Point_Distribution,Offense_Msc_Team_Stats,Defense_Msc_Team_Stats,Home_Page
2019,2019_Efficiency,2019_four_factors,2019_point_distribution,2019_Offense_Msc_Team_Stats,2019_Defense_Msc_Team_Stats,2019_Home_Page
2018,2018_Efficiency,2018_four_factors,2018_point_distribution,2018_Offense_Msc_Team_Stats,2018_Defense_Msc_Team_Stats,2018_Home_Page
2017,2017_Efficiency,2017_four_factors,2017_point_distribution,2017_Offense_Msc_Team_Stats,2017_Defense_Msc_Team_Stats,2017_Home_Page
2016,2016_Efficiency,2016_four_factors,2016_point_distribution,2016_Offense_Msc_Team_Stats,2016_Defense_Msc_Team_Stats,2016_Home_Page
2015,2015_Efficiency,2015_four_factors,2015_point_distribution,2015_Offense_Msc_Team_Stats,2015_Defense_Msc_Team_Stats,2015_Home_Page
2014,2014_Efficiency,2014_four_factors,2014_point_distribution,2014_Offense_Msc_Team_Stats,2014_Defense_Msc_Team_Stats,2014_Home_Page
2013,2013_Efficiency,2013_four_factors,2013_point_distribution,2013_Offense_Msc_Team_Stats,2013_Defense_Msc_Team_Stats,2013_Home_Page
2012,2012_Efficiency,2012_four_factors,2012_point_distribution,2012_Offense_Msc_Team_Stats,2012_Defense_Msc_Team_Stats,2012_Home_Page
2011,2011_Efficiency,2011_four_factors,2011_point_distribution,2011_Offense_Msc_Team_Stats,2011_Defense_Msc_Team_Stats,2011_Home_Page
2010,2010_Efficiency,2010_four_factors,2010_point_distribution,2010_Offense_Msc_Team_Stats,2010_Defense_Msc_Team_Stats,2010_Home_Page
2009,2009_Efficiency,2009_four_factors,2009_point_distribution,2009_Offense_Msc_Team_Stats,2009_Defense_Msc_Team_Stats,2009_Home_Page
2008,2008_Efficiency,2008_four_factors,2008_point_distribution,2008_Offense_Msc_Team_Stats,2008_Defense_Msc_Team_Stats,2008_Home_Page
2007,2007_Efficiency,2007_four_factors,2007_point_distribution,2007_Offense_Msc_Team_Stats,2007_Defense_Msc_Team_Stats,2007_Home_Page
2006,2006_Efficiency,2006_four_factors,2006_point_distribution,2006_Offense_Msc_Team_Stats,2006_Defense_Msc_Team_Stats,2006_Home_Page
2005,2005_Efficiency,2005_four_factors,2005_point_distribution,2005_Offense_Msc_Team_Stats,2005_Defense_Msc_Team_Stats,2005_Home_Page
2004,2004_Efficiency,2004_four_factors,2004_point_distribution,2004_Offense_Msc_Team_Stats,2004_Defense_Msc_Team_Stats,2004_Home_Page
2003,2003_Efficiency,2003_four_factors,2003_point_distribution,2003_Offense_Msc_Team_Stats,2003_Defense_Msc_Team_Stats,2003_Home_Page
2002,2002_Efficiency,2002_four_factors,2002_point_distribution,2002_Offense_Msc_Team_Stats,2002_Defense_Msc_Team_Stats,2002_Home_Page